Patient_NB;Age;Gender;treatment_group;CAD;New_Onset_AF;Chronic_AF;Use_of_Antiarrhytmic;Which_antiarrhytmic;Use_of_anticoagulan;Use_of_antiaggregant;Pulse_Admission;Pulse_Control;First_Dose_Ventricular_Rate_Response;BP_Admission;BP_Control;Result;@ceyrek_doz;@yarý_doz;@0.75doz;Tamdoz;@150sec_Pulse;@300sec_Pulse;@450sec_Pulse;@600sec_Pulse;@150sec_VRR;@300sec_VRR;@450sec_VRR;@600sec_VRR;Admission_SP;Admission_DP;Admission_MAP;Control_Systolic_Blood_Pressure;Control_Diastole;Control_MAP;Low_dose;aditional_dose;additional_medication;Secound_Dose_Ventricular_Rate_Response;@Beta_Bloker_Ventricular_Rate_Response;@0.35_mg_dose;Complication;@0.10_mg_dose;Height;Weight;BMI;After_First_Dose_HR;After_Sec_Dose_Hr;After_BB_HR;LD_0,10_HR;LD_0,35_HR;Ordered_Dose
1;64;1;1;2;1;2;2;3;2;2;160;140;2;160/100;160/100;2;2;2;2;2;160;140;140;140;0;0;0;0;160;100;120;160;100;120; ;1;2;1;0;1;2; ;177;84;26,81221871;;;;;;21
2;89;1;1;2;2;1;1;1;1;2;140;140;2;120/90;110/80;1;2;2;2;2;140;140;140;140;0;0;0;0;120;90;100;110;80;90; ;1;2;1;0;1;2; ;166;81;29,39468718;;;;;;20,25
3;63;1;1;2;1;2;1;2;2;2;170;150;2;120/80;130/80;1;2;2;2;2;170;160;150;150;0;0;0;0;120;80;93,33333333;130;80;96,66666667; ;1;2;1;0;1;2; ;173;88;29,40292024;;;;;;22
4;53;2;1;2;2;1;1;1;2;1;170;140;2;120/80;120/80;1;2;2;2;2;170;170;160;140;0;0;0;0;120;80;93,33333333;120;80;93,33333333; ;1;1;2;2;2;2; ;162;78;29,7210791;;;;;;19,5
5;52;1;1;2;1;2;2;3;2;2;160;160;2;160/80;150/80;1;2;2;2;2;160;160;160;160;0;0;0;0;160;80;106,6666667;150;80;103,3333333; ;1;2;1;0;1;2; ;168;76;26,92743764;;;;;;19
6;56;1;1;2;2;1;1;1;1;2;170;96;1;130/80;120/80;1;2;2;2;1;170;160;130;96;0;0;0;1;130;80;96,66666667;120;80;93,33333333; ;2;2;0;0;0;2; ;162;72;27,43484225;;;;;;18
7;79;2;1;2;2;1;1;1;1;2;160;90;1;110/70;130/80;1;2;2;1; ;160;110;90;90;0;0;1;1;110;70;83,33333333;130;80;96,66666667; ;2;2;0;0;0;2; ;165;65;23,87511478;;;;;;16,25
8;69;1;1;2;2;1;1;1;1;2;140;76;1;120/80;120/80;1;2;2;1; ;120;120;90;76;0;0;1;1;120;80;93,33333333;120;80;93,33333333; ;2;2;0;0;0;2; ;174;76;25,10239133;;;;;;19
9;75;2;1;2;2;1;1;2;1;2;156;84;1;140/90;60/30;2;2;2;1; ;140;110;94;84;0;0;1;1;140;90;106,6666667;60;30;40; ;2;2;0;0;0;1; ;165;84;30,85399449;;;;;;21
10;70;2;1;2;2;1;1;2;1;2;150;92;1;110/80;110/80;1;2;2;1; ;130;110;98;92;0;0;1;1;110;80;90;110;80;90; ;2;2;0;0;0;2; ;170;78;26,98961938;;;;;;19,5
11;65;1;1;2;2;1;1;1;1;2;160;84;1;140/80;110/80;1;1; ; ; ;84;86;82;84;1;1;1;1;140;80;100;110;80;90; ;2;2;0;0;0;2; ;179;82;25,59220998;;;;;;20,5
12;66;1;1;2;1;2;2;3;2;2;160;80;1;140/90;120/70;2;2;1; ; ;110;90;80;80;0;1;1;1;140;90;106,6666667;120;70;86,66666667; ;2;2;0;0;0;2; ;166;75;27,21730295;;;;;;18,75
13;80;1;1;2;2;1;1;1;1;2;150;100;1;160/90;80/40;2;2;2;1; ;150;130;100;100;0;0;1;1;160;90;113,3333333;80;40;53,33333333; ;2;2;0;0;0;1; ;180;78;24,07407407;;;;;;19,5
14;26;1;1;2;1;2;1;2;1;2;150;82;1;130/90;120/80;1;2;2;1; ;150;110;92;82;0;0;1;1;130;90;103,3333333;120;80;93,33333333; ;2;2;0;0;0;2; ;176;86;27,76342975;;;;;;21,5
15;61;1;1;2;2;1;1;2;1;2;170;76;1;140/100;110/70;1;2;2;1; ;150;120;88;76;0;0;1;1;140;100;113,3333333;110;70;83,33333333; ;2;2;0;0;0;2; ;184;88;25,99243856;;;;;;22
16;54;2;1;1;2;1;1;2;2;1;160;76;1;130/80;120/80;1;2;1; ; ;160;90;70;76;0;1;1;1;130;80;96,66666667;120;80;93,33333333; ;2;2;0;0;0;2; ;162;76;28,95900015;;;;;;19
17;68;1;1;2;2;1;1;1;2;1;170;60;1;120/90;110/80;1;2;1; ; ;170;90;80;60;0;1;1;1;120;90;100;110;80;90; ;2;2;0;0;0;2; ;170;70;24,22145329;;;;;;17,5
18;71;2;1;1;1;2;1;2;2;1;140;70;1;110/60;130/90;1;2;1; ; ;140;90;70;70;0;1;1;1;110;60;76,66666667;130;90;103,3333333; ;2;2;0;0;0;2; ;175;65;21,2244898;;;;;;16,25
19;65;2;1;2;1;2;2;3;2;2;170;60;1;120/80;120/80;1;2;1; ; ;110;80;60;60;0;1;1;1;120;80;93,33333333;120;80;93,33333333; ;2;2;0;0;0;2; ;158;67;26,83864765;;;;;;16,75
20;77;2;1;2;1;2;2;3;2;1;170;90;1;140/80;130/80;1;2;2;2;1;170;160;120;90;0;0;0;1;140;80;100;130;80;96,66666667; ;2;2;0;0;0;2; ;165;74;27,18089991;;;;;;18,5
21;62;1;1;2;2;1;1;1;2;1;150;65;1;130/80;110/80;1;2;1; ; ;140;85;80;65;0;1;1;1;130;80;96,66666667;110;80;90; ;2;2;0;0;0;2; ;173;88;29,40292024;;;;;;22
22;70;1;1;2;2;1;1;1;2;1;140;75;1;140/80;120/80;1;2;1; ; ;130;90;75;75;0;1;1;1;140;80;100;120;80;93,33333333; ;2;2;0;0;0;2; ;172;80;27,04164413;;;;;;20
23;47;1;1;2;2;1;1;2;1;2;150;80;1;130/80;120/80;1;1; ; ; ;90;80;80;80;1;1;1;1;130;80;96,66666667;120;80;93,33333333; ;2;2;0;0;0;2; ;162;75;28,57796068;;;;;;18,75
24;56;2;1;2;1;2;2;3;2;2;130;130;2;110/80;70/40;2;2;2;2;2;130;130;130;130;0;0;0;0;110;80;90;70;40;50; ;2;2;0;0;0;1; ;166;76;27,58020032;;;;;;19
25;71;2;1;2;2;1;1;2;1;2;140;80;1;130/80;120/60;1;1; ; ; ;100;80;80;80;1;1;1;1;130;80;96,66666667;120;60;80; ;2;2;0;0;0;2; ;163;68;25,59373706;;;;;;17
26;64;2;1;2;1;2;2;3;2;2;150;60;1;140/90;130/80;1;2;1; ; ;110;90;80;60;0;1;1;1;140;90;106,6666667;130;80;96,66666667; ;2;2;0;0;0;2; ;172;75;25,35154137;;;;;;18,75
27;78;2;1;1;2;1;1;2;1;1;130;88;1;130/80;120/80;1;2;2;1; ;130;110;92;88;0;0;1;1;130;80;96,66666667;120;80;93,33333333; ;2;2;0;0;0;2; ;160;58;22,65625;;;;;;14,5
28;81;2;1;2;2;1;1;1;1;2;150;68;1;110/80;120/80;1;2;2;2;1;160;160;110;68;0;0;0;1;110;80;90;120;80;93,33333333; ;2;2;0;0;0;2; ;165;65;23,87511478;;;;;;16,25
29;72;2;1;2;2;1;1;1;1;2;150;78;1;140/80;140/80;1;2;1; ; ;140;78;78;78;0;1;1;1;140;80;100;140;80;100; ;2;2;0;0;0;2; ;168;72;25,51020408;;;;;;18
30;84;2;1;2;2;1;2;3;1;2;152;80;1;150/90;80/40;1;2;2;2;1;152;140;110;80;0;0;0;1;150;90;110;80;40;53,33333333; ;2;2;0;0;0;1; ;165;68;24,97704316;;;;;;17
31;59;2;1;2;2;1;1;1;2;1;148;84;1;140/80;130/80;1;2;1; ; ;136;96;90;84;0;1;1;1;140;80;100;130;80;96,66666667; ;2;2;0;0;0;2; ;166;72;26,12861083;;;;;;18
32;62;2;1;2;2;1;1;2;1;2;150;90;1;120/80;120/80;1;2;2;1; ;150;110;90;90;0;0;1;1;120;80;93,33333333;120;80;93,33333333; ;2;2;0;0;0;2; ;165;75;27,54820937;;;;;;18,75
33;77;2;1;2;2;1;1;2;1;2;162;68;1;130/80;130/80;1;2;1; ; ;145;90;88;80;0;1;1;1;130;80;96,66666667;130;80;96,66666667; ;2;2;0;0;0;2; ;170;76;26,29757785;;;;;;19
34;79;1;1;2;2;1;1;1;1;2;162;90;1;150/80;130/80;1;2;1; ; ;130;100;92;90;0;1;1;1;150;80;103,3333333;130;80;96,66666667; ;2;2;0;0;0;2; ;166;70;25,40281608;;;;;;17,5
35;75;1;1;2;2;1;1;1;1;2;142;80;1;130/80;100/60;1;2;1; ; ;140;92;84;80;0;1;1;1;130;80;96,66666667;100;60;73,33333333; ;2;2;0;0;0;2; ;178;84;26,51180407;;;;;;21
36;80;1;1;1;2;1;1;1;1;2;144;78;1;120/80;110/70;1;2;1; ; ;140;86;78;78;0;1;1;1;120;80;93,33333333;110;70;83,33333333; ;2;2;0;0;0;2; ;177;82;26,17383255;;;;;;20,5
37;75;2;1;2;2;1;1;1;1;2;138;80;1;150/90;120/80;1;2;1; ; ;130;90;90;80;0;1;1;1;150;90;110;120;80;93,33333333; ;2;2;0;0;0;2; ;158;65;26,03749399;;;;;;16,25
38;88;2;1;2;2;1;1;2;1;2;142;76;1;110/70;130/80;1;2;1; ; ;140;84;80;80;0;1;1;1;110;70;83,33333333;130;80;96,66666667; ;2;2;0;0;0;2; ;162;68;25,91068435;;;;;;17
39;68;2;1;1;2;1;2;3;1;2;150;90;1;120/80;120/80;1;2;1; ; ;130;96;96;90;0;1;1;1;120;80;93,33333333;120;80;93,33333333; ;2;2;0;0;0;2; ;170;75;25,95155709;;;;;;18,75
40;73;2;1;2;2;1;1;1;1;2;150;84;1;140/90;130/90;1;2;2;1; ;150;110;90;84;0;0;1;1;140;90;106,6666667;130;90;103,3333333; ;2;2;0;0;0;2; ;160;64;25;;;;;;16
41;42;2;1;2;1;2;2;3;2;2;166;68;1;150/90;140/90;2;2;1; ; ;130;92;80;68;0;1;1;1;150;90;110;140;90;106,6666667; ;2;2;0;0;0;2; ;165;70;25,71166208;;;;;;17,5
42;57;2;1;2;2;1;1;1;2;1;156;78;1;140/80;120/70;1;1; ; ; ;78;86;80;78;1;1;1;1;140;80;100;120;70;86,66666667; ;2;2;0;0;0;2; ;169;76;26,60971255;;;;;;19
43;81;1;1;1;2;1;1;2;1;2;140;74;1;130/80;120/70;1;2;2;1; ;140;120;98;74;0;0;1;1;130;80;96,66666667;120;70;86,66666667; ;2;2;0;0;0;2; ;180;78;24,07407407;;;;;;19,5
44;40;2;1;2;1;2;2;3;2;2;166;90;1;140/80;130/80;2;2;2;1; ;154;130;98;90;0;0;1;1;140;80;100;130;80;96,66666667; ;2;2;0;0;0;2; ;176;86;27,76342975;;;;;;21,5
45;55;2;1;2;2;1;1;1;1;2;144;88;1;110/80;120/80;1;2;2;2;1;144;130;120;88;0;0;0;1;110;80;90;120;80;93,33333333; ;2;2;0;0;0;2; ;170;78;26,98961938;;;;;;19,5
46;75;1;1;2;2;1;1;1;1;2;150;90;1;120/80;130/80;1;2;2;1; ;150;120;100;90;0;0;1;1;120;80;93,33333333;130;80;96,66666667; ;2;2;0;0;0;2; ;175;86;28,08163265;;;;;;21,5
47;69;1;1;2;2;1;1;1;1;2;148;76;1;150/100;120/80;1;2;2;1; ;160;130;98;76;0;0;1;1;150;100;116,6666667;120;80;93,33333333; ;2;2;0;0;0;2; ;176;88;28,40909091;;;;;;22
48;54;1;1;2;1;2;2;3;2;2;160;82;1;140/90;130/80;1;2;1; ; ;140;90;84;82;0;1;1;1;140;90;106,6666667;130;80;96,66666667; ;2;2;0;0;0;2; ;166;76;27,58020032;;;;;;19
49;37;1;1;2;1;2;2;3;2;2;166;62;1;110/70;110/70;2;2;2;1; ;150;110;82;62;0;0;1;1;110;70;83,33333333;110;70;83,33333333; ;2;2;0;0;0;2; ;178;68;21,46193662;;;;;;17
50;85;2;1;1;2;1;1;1;1;2;150;70;1;130/90;120/80;1;2;2;1; ;150;120;86;70;0;0;1;1;130;90;103,3333333;120;80;93,33333333; ;2;2;0;0;0;2; ;165;66;24,24242424;;;;;;16,5
51;58;1;2;2;2;1;1;1;1;2;130;130;2;120/80;120/80;1; ; ; ; ;;;;; ; ; ; ;120;80;93,33333333;120;80;93,33333333; ;1;2;1;0;1;2; ;172;78;26,36560303;130;64;;;;19,5
52;72;2;2;2;1;2;2;3;2;2;140;120;2;120/80;120/80;1; ; ; ; ;;;;; ; ; ; ;120;80;93,33333333;120;80;93,33333333; ;1;2;1;0;1;2; ;170;68;23,52941176;120;78;;;;17
53;22;1;2;2;2;1;1;2;1;2;180;150;2;150/80;110/80;2; ; ; ; ;;;;; ; ; ; ;150;80;103,3333333;110;80;90; ;1;1;2;2;2;2; ;174;86;28,40533756;150;155;150;;;21,5
54;54;1;2;2;2;1;1;2;1;2;138;130;2;140/80;120/80;1; ; ; ; ;;;;; ; ; ; ;140;80;100;120;80;93,33333333; ;1;1;2;1;2;2; ;170;75;25,95155709;130;130;82;;;18,75
55;71;2;2;2;2;1;1;2;1;2;154;150;2;120/80;130/80;1; ; ; ; ;;;;; ; ; ; ;120;80;93,33333333;130;80;96,66666667; ;1;1;2;1;2;2; ;165;70;25,71166208;150;150;68;;;17,5
56;78;2;2;2;2;1;1;1;1;2;136;130;2;150/80;140/80;1; ; ; ; ;;;;; ; ; ; ;150;80;103,3333333;140;80;100; ;1;2;1;0;1;2; ;164;76;28,25698989;130;92;;;;19
57;86;1;2;2;1;2;2;3;2;2;160;88;1;150/100;100/80;1; ; ; ; ;;;;; ; ; ; ;150;100;116,6666667;100;80;86,66666667; ;2;2;0;0;0;2; ;172;75;25,35154137;88;;;;;18,75
58;75;2;2;1;2;1;1;2;1;2;160;90;1;160/100;140/80;1; ; ; ; ;;;;; ; ; ; ;160;100;120;140;80;100; ;2;2;0;0;0;2; ;160;58;22,65625;90;;;;;14,5
59;60;2;2;2;2;1;1;1;1;2;150;84;1;110/80;130/80;1; ; ; ; ;;;;; ; ; ; ;110;80;90;130;80;96,66666667; ;2;2;0;0;0;2; ;168;70;24,8015873;84;;;;;17,5
60;51;2;2;2;1;2;1;1;1;2;160;90;1;140/80;120/80;1; ; ; ; ;;;;; ; ; ; ;140;80;100;120;80;93,33333333; ;2;2;0;0;0;2; ;176;72;23,24380165;90;;;;;18
61;61;2;2;2;2;1;1;1;1;2;130;76;1;130/90;60/30;1; ; ; ; ;;;;; ; ; ; ;130;90;103,3333333;60;30;40; ;2;2;0;0;0;1; ;167;85;30,47796622;76;;;;;21,25
62;61;1;2;2;2;1;1;1;1;2;150;86;1;100/80;120/80;1; ; ; ; ;;;;; ; ; ; ;100;80;86,66666667;120;80;93,33333333; ;2;2;0;0;0;2; ;165;75;27,54820937;86;;;;;18,75
63;71;2;2;2;2;1;1;1;1;2;150;96;1;110/80;140/80;1; ; ; ; ;;;;; ; ; ; ;110;80;90;140;80;100; ;2;2;0;0;0;2; ;173;82;27,39817568;96;;;;;20,5
64;73;1;2;2;1;2;2;3;2;2;140;82;1;120/80;100/80;1; ; ; ; ;;;;; ; ; ; ;120;80;93,33333333;100;80;86,66666667; ;2;2;0;0;0;2; ;166;73;26,4915082;82;;;;;18,25
65;75;1;2;2;2;1;1;1;1;2;130;86;1;130/80;120/80;1; ; ; ; ;;;;; ; ; ; ;130;80;96,66666667;120;80;93,33333333; ;2;2;0;0;0;2; ;176;82;26,47210744;86;;;;;20,5
66;74;1;2;2;2;1;1;1;2;1;160;82;1;130/90;100/80;1; ; ; ; ;;;;; ; ; ; ;130;90;103,3333333;100;80;86,66666667; ;2;2;0;0;0;2; ;184;96;28,35538752;82;;;;;24
67;55;1;2;2;2;1;1;1;2;1;150;76;1;120/80;120/80;1; ; ; ; ;;;;; ; ; ; ;120;80;93,33333333;120;80;93,33333333; ;2;2;0;0;0;2; ;170;82;28,37370242;76;;;;;20,5
68;76;2;2;2;2;1;1;1;1;2;140;90;1;160/100;70/40;1; ; ; ; ;;;;; ; ; ; ;160;100;120;70;40;50; ;2;2;0;0;0;1; ;164;62;23,05175491;90;;;;;15,5
69;73;2;2;2;2;1;1;2;1;2;150;78;1;130/80;130/90;1; ; ; ; ;;;;; ; ; ; ;130;80;96,66666667;130;90;103,3333333; ;2;2;0;0;0;2; ;167;65;23,30668005;78;;;;;16,25
70;61;2;2;2;2;1;1;1;1;2;140;86;1;130/80;120/80;1; ; ; ; ;;;;; ; ; ; ;130;80;96,66666667;120;80;93,33333333; ;2;2;0;0;0;2; ;165;74;27,18089991;86;;;;;18,5
71;58;2;2;2;1;2;2;3;2;2;160;90;1;110/80;120/80;1; ; ; ; ;;;;; ; ; ; ;110;80;90;120;80;93,33333333; ;2;2;0;0;0;2; ;166;78;28,30599506;90;;;;;19,5
72;31;1;2;2;1;2;2;3;2;2;140;76;1;110/80;80/40;2; ; ; ; ;;;;; ; ; ; ;110;80;90;80;40;53,33333333; ;2;2;0;0;0;1; ;177;76;24,25867407;76;;;;;19
73;22;1;2;2;2;1;1;2;1;2;180;88;1;150/80;110/80;2; ; ; ; ;;;;; ; ; ; ;150;80;103,3333333;110;80;90; ;2;2;0;0;0;2; ;166;66;23,95122659;88;;;;;16,5
74;74;1;2;2;2;1;1;1;1;2;140;67;1;140/90;140/90;1; ; ; ; ;;;;; ; ; ; ;140;90;106,6666667;140;90;106,6666667; ;2;2;0;0;0;2; ;173;84;28,06642387;67;;;;;21
75;53;2;2;2;2;1;1;1;1;2;140;90;1;110/90;130/90;1; ; ; ; ;;;;; ; ; ; ;110;90;96,66666667;130;90;103,3333333; ;2;2;0;0;0;2; ;169;72;25,20920136;90;;;;;18
76;65;2;2;2;2;1;1;1;1;2;150;66;1;150/90;110/70;1; ; ; ; ;;;;; ; ; ; ;150;90;110;110;70;83,33333333; ;2;2;0;0;0;2; ;158;74;29,64268547;66;;;;;18,5
77;70;1;2;2;2;1;1;1;1;2;160;66;1;130/80;110/80;1; ; ; ; ;;;;; ; ; ; ;130;80;96,66666667;110;80;90; ;2;2;0;0;0;2; ;168;82;29,05328798;66;;;;;20,5
78;24;1;2;2;2;1;1;2;1;2;150;74;1;120/90;70/30;1; ; ; ; ;;;;; ; ; ; ;120;90;100;70;30;43,33333333; ;2;2;0;0;0;1; ;175;75;24,48979592;74;;;;;18,75
79;43;1;2;2;2;1;1;4;1;2;160;82;1;110/80;90/40;2; ; ; ; ;;;;; ; ; ; ;110;80;90;90;40;56,66666667; ;2;2;0;0;0;1; ;169;75;26,25958475;82;;;;;18,75
80;54;2;2;2;2;1;1;1;1;2;140;70;1;130/80;130/80;1; ; ; ; ;;;;; ; ; ; ;130;80;96,66666667;130;80;96,66666667; ;2;2;0;0;0;2; ;165;84;30,85399449;70;;;;;21
81;74;1;2;2;2;1;1;1;1;2;130;80;1;120/80;110/80;1; ; ; ; ;;;;; ; ; ; ;120;80;93,33333333;110;80;90; ;2;2;0;0;0;2; ;175;88;28,73469388;80;;;;;22
82;67;2;2;2;2;1;1;2;1;2;160;60;1;130/80;110/80;1; ; ; ; ;;;;; ; ; ; ;130;80;96,66666667;110;80;90; ;2;2;0;0;0;2; ;163;75;28,22838647;60;;;;;18,75
83;35;1;2;2;1;2;2;3;2;2;130;70;1;130/80;120/70;2; ; ; ; ;;;;; ; ; ; ;130;80;96,66666667;120;70;86,66666667; ;2;2;0;0;0;2; ;176;74;23,88946281;70;;;;;18,5
84;53;2;2;2;1;2;2;3;2;2;150;70;1;130/90;130/90;1; ; ; ; ;;;;; ; ; ; ;130;90;103,3333333;130;90;103,3333333; ;2;2;0;0;0;2; ;158;66;26,43807082;70;;;;;16,5
85;70;1;2;2;1;2;2;3;2;2;130;80;1;120/80;120/80;1; ; ; ; ;;;;; ; ; ; ;120;80;93,33333333;120;80;93,33333333; ;2;2;0;0;0;2; ;175;78;25,46938776;80;;;;;19,5
86;66;2;2;2;2;1;1;1;1;2;160;96;1;110/80;120/80;1; ; ; ; ;;;;; ; ; ; ;110;80;90;120;80;93,33333333; ;2;2;0;0;0;2; ;169;75;26,25958475;96;;;;;18,75
87;38;2;2;2;1;2;2;3;2;2;150;68;1;130/80;120/80;1; ; ; ; ;;;;; ; ; ; ;130;80;96,66666667;120;80;93,33333333; ;2;2;0;0;0;2; ;170;62;21,4532872;68;;;;;15,5
88;68;1;2;2;2;1;1;1;1;2;140;64;1;140/80;110/80;1; ; ; ; ;;;;; ; ; ; ;140;80;100;110;80;90; ;2;2;0;0;0;2; ;174;88;29,06592681;64;;;;;22
89;76;1;2;2;2;1;1;2;1;2;160;88;1;140/90;120/80;1; ; ; ; ;;;;; ; ; ; ;140;90;106,6666667;120;80;93,33333333; ;2;2;0;0;0;2; ;172;83;28,05570579;88;;;;;20,75
90;61;2;2;1;2;1;1;2;1;2;150;76;1;150/100;110/70;1; ; ; ; ;;;;; ; ; ; ;150;100;116,6666667;110;70;83,33333333; ;2;2;0;0;0;2; ;164;65;24,1671624;76;;;;;16,25
91;59;2;2;2;2;1;1;1;1;2;130;82;1;120/80;120/80;1; ; ; ; ;;;;; ; ; ; ;120;80;93,33333333;120;80;93,33333333; ;2;2;0;0;0;2; ;165;75;27,54820937;82;;;;;18,75
92;80;2;2;2;2;1;1;2;1;2;170;84;1;150/80;110/80;1; ; ; ; ;;;;; ; ; ; ;150;80;103,3333333;110;80;90; ;2;2;0;0;0;2; ;166;65;23,58832922;84;;;;;16,25
93;70;2;2;1;2;1;1;2;1;2;150;78;1;140/90;120/70;1; ; ; ; ;;;;; ; ; ; ;140;90;106,6666667;120;70;86,66666667; ;2;2;0;0;0;2; ;169;63;22,05805119;78;;;;;15,75
94;68;2;2;2;2;1;1;1;1;2;140;86;1;130/90;110/60;1; ; ; ; ;;;;; ; ; ; ;130;90;103,3333333;110;60;76,66666667; ;2;2;0;0;0;2; ;162;72;27,43484225;86;;;;;18
95;66;2;2;2;2;1;1;1;1;2;160;68;1;130/90;110/60;1; ; ; ; ;;;;; ; ; ; ;130;90;103,3333333;110;60;76,66666667; ;2;2;0;0;0;2; ;171;82;28,04281659;68;;;;;20,5
96;32;2;2;2;2;1;1;1;1;2;150;78;1;140/100;120/80;1; ; ; ; ;;;;; ; ; ; ;140;100;113,3333333;120;80;93,33333333; ;2;2;0;0;0;2; ;168;62;21,96712018;78;;;;;15,5
97;80;2;2;1;2;1;1;2;1;1;150;65;1;130/80;130/80;1; ; ; ; ;;;;; ; ; ; ;130;80;96,66666667;130;80;96,66666667; ;2;2;0;0;0;2; ;174;75;24,77209671;65;;;;;18,75
98;61;2;2;2;1;2;2;3;2;2;140;80;1;130/80;120/80;1; ; ; ; ;;;;; ; ; ; ;130;80;96,66666667;120;80;93,33333333; ;2;2;0;0;0;2; ;156;70;28,76397107;80;;;;;17,5
99;80;2;2;2;2;1;1;1;1;2;146;82;1;150/80;110/80;1; ; ; ; ;;;;; ; ; ; ;150;80;103,3333333;110;80;90; ;2;2;0;0;0;2; ;166;72;26,12861083;82;;;;;18
100;79;2;2;2;2;1;1;2;1;2;148;68;1;130/80;130/80;1; ; ; ; ;;;;; ; ; ; ;130;80;96,66666667;130;80;96,66666667; ;2;2;0;0;0;2; ;175;82;26,7755102;68;;;;;20,5
101;67;1;2;2;2;1;1;1;1;2;160;70;1;140/80;130/80;2; ; ; ; ;;;;; ; ; ; ;140;80;100;130;80;96,66666667; ;2;2;0;0;0;2; ;184;96;28,35538752;70;;;;;24
102;65;1;2;2;2;1;1;1;2;1;160;62;1;130/80;120/80;1; ; ; ; ;;;;; ; ; ; ;130;80;96,66666667;120;80;93,33333333; ;2;2;0;0;0;2; ;174;85;28,07504294;62;;;;;21,25
103;64;2;2;2;2;1;1;1;1;2;144;78;1;150/80;120/80;1; ; ; ; ;;;;; ; ; ; ;150;80;103,3333333;120;80;93,33333333; ;2;2;0;0;0;2; ;167;70;25,0995016;78;;;;;17,5
104;70;1;2;2;2;1;1;1;1;2;156;80;1;140/80;110/60;1; ; ; ; ;;;;; ; ; ; ;140;80;100;110;60;76,66666667; ;2;2;0;0;0;2; ;180;92;28,39506173;80;;;;;23
105;68;1;2;2;2;1;1;1;1;2;148;92;1;120/80;120/80;1; ; ; ; ;;;;; ; ; ; ;120;80;93,33333333;120;80;93,33333333; ;2;2;0;0;0;2; ;176;70;22,5981405;92;;;;;17,5
106;30;1;2;2;1;2;2;3;2;2;152;84;1;130/80;110/60;2; ; ; ; ;;;;; ; ; ; ;130;80;96,66666667;110;60;76,66666667; ;2;2;0;0;0;2; ;175;80;26,12244898;84;;;;;20
107;73;2;2;2;2;1;1;1;1;2;140;96;1;130/80;120/80;1; ; ; ; ;;;;; ; ; ; ;130;80;96,66666667;120;80;93,33333333; ;2;2;0;0;0;2; ;165;75;27,54820937;96;;;;;18,75
108;59;2;2;2;2;1;1;1;1;2;152;74;1;140/80;130/80;1; ; ; ; ;;;;; ; ; ; ;140;80;100;130;80;96,66666667; ;2;2;0;0;0;2; ;166;74;26,85440557;74;;;;;18,5
109;91;1;2;1;2;1;1;1;1;2;144;90;1;140/80;110/70;1; ; ; ; ;;;;; ; ; ; ;140;80;100;110;70;83,33333333; ;2;2;0;0;0;2; ;177;72;22,98190175;90;;;;;18
110;58;2;3;2;1;2;2;3;2;2;160;160;2;190/100;190/100;1; ; ; ; ;;;;; ; ; ; ;190;100;130;190;100;130;3;1;2;2;0;1;2; ;165;65;23,87511478;160;140;;140;78;9,75
111;83;2;3;2;2;1;1;2;1;2;150;150;2;130/90;110/80;1; ; ; ; ;;;;; ; ; ; ;130;90;103,3333333;110;80;90;3;1;1;2;1;2;2; ;168;57;20,19557823;150;150;88;150;134;8,55
112;65;2;3;2;2;1;1;2;1;2;180;140;2;120/80;120/80;1; ; ; ; ;;;;; ; ; ; ;120;80;93,33333333;120;80;93,33333333;3;1;2;2;0;1;2; ;172;64;21,63331531;140;140;;140;80;9,6
113;64;2;3;2;2;1;1;2;1;2;170;150;2;130/70;110/80;1; ; ; ; ;;;;; ; ; ; ;130;70;90;110;80;90;3;1;2;2;0;1;2; ;159;72;28,47988608;150;150;;150;76;10,8
114;66;1;3;2;2;1;1;1;1;2;160;140;2;110/80;120/80;1; ; ; ; ;;;;; ; ; ; ;110;80;90;120;80;93,33333333;3;1;2;2;0;1;2; ;166;76;27,58020032;140;;;130;94;11,4
115;65;1;3;2;1;2;2;3;2;2;150;150;2;140/80;110/70;2; ; ; ; ;;;;; ; ; ; ;140;80;100;110;70;83,33333333;3;1;1;2;2;2;2; ;174;86;28,40533756;150;;150;150;150;12,9
116;64;1;3;2;2;1;1;2;1;2;160;140;2;110/80;110/80;1; ; ; ; ;;;;; ; ; ; ;110;80;90;110;80;90;3;1;2;2;0;1;2; ;172;78;26,36560303;140;;;140;68;11,7
117;66;2;3;1;2;1;2;3;1;2;140;140;2;120/80;130/80;1; ; ; ; ;;;;; ; ; ; ;120;80;93,33333333;130;80;96,66666667;2;1;2;1;0;0;2; ;170;75;25,95155709;140;;;100;;11,25
118;51;2;3;2;1;2;2;3;2;2;150;150;2;110/90;120/80;1; ; ; ; ;;;;; ; ; ; ;110;90;96,66666667;120;80;93,33333333;3;1;2;2;0;1;2; ;168;68;24,09297052;150;;;130;72;10,2
119;65;2;3;2;2;1;1;1;2;1;160;140;2;140/100;140/90;1; ; ; ; ;;;;; ; ; ; ;140;100;113,3333333;140;90;106,6666667;3;1;2;2;0;1;2; ;174;87;28,73563218;140;;;140;76;13,05
120;56;1;3;2;1;2;2;3;2;2;140;140;2;120/80;120/80;1; ; ; ; ;;;;; ; ; ; ;120;80;93,33333333;120;80;93,33333333;3;1;2;2;0;1;2; ;166;65;23,58832922;140;;;130;90;9,75
121;73;2;3;2;2;1;1;1;1;2;140;130;2;140/80;80/40;2; ; ; ; ;;;;; ; ; ; ;140;80;100;80;40;53,33333333;4;2;2;1;0;0;1; ;178;72;22,72440348;130;;;;;10,8
122;85;1;3;2;2;1;1;1;2;2;160;160;2;140/70;110/80;2; ; ; ; ;;;;; ; ; ; ;140;70;93,33333333;110;80;90;3;1;1;2;2;2;2; ;174;78;25,76298058;160;;;160;160;11,7
123;60;2;3;2;2;1;1;1;1;2;130;130;2;120/70;120/70;1; ; ; ; ;;;;; ; ; ; ;120;70;86,66666667;120;70;86,66666667;2;1;2;1;0;0;2; ;172;82;27,71768524;130;;;84;;12,3
124;70;2;3;2;2;1;1;2;2;1;150;120;2;130/80;110/70;1; ; ; ; ;;;;; ; ; ; ;130;80;96,66666667;110;70;83,33333333;2;1;2;1;0;0;2; ;172;72;24,33747972;120;;;90;;10,8
125;65;2;3;1;2;1;1;2;1;2;140;116;2;130/80;120/80;1; ; ; ; ;;;;; ; ; ; ;130;80;96,66666667;120;80;93,33333333;2;1;2;1;0;0;2; ;170;65;22,49134948;116;;;78;;9,75
126;51;2;3;2;1;2;2;3;2;2;160;140;2;110/80;120/80;2; ; ; ; ;;;;; ; ; ; ;110;80;90;120;80;93,33333333;2;1;2;1;0;0;2; ;169;82;28,71047932;140;;;80;;12,3
127;55;2;3;2;1;2;1;1;2;1;140;136;2;130/80;130/80;2; ; ; ; ;;;;; ; ; ; ;130;80;96,66666667;130;80;96,66666667;2;1;2;1;0;0;2; ;167;74;26,53375883;136;;;90;;11,1
128;72;2;3;2;1;2;1;1;1;2;160;150;2;100/90;140/90;1; ; ; ; ;;;;; ; ; ; ;100;90;93,33333333;140;90;106,6666667;2;1;2;1;0;0;2; ;164;75;27,88518739;150;;;82;;11,25
129;54;1;3;2;2;1;1;1;1;2;144;144;2;130/80;130/80;1; ; ; ; ;;;;; ; ; ; ;130;80;96,66666667;130;80;96,66666667;3;1;2;2;0;1;2; ;174;82;27,08415907;144;;;140;80;12,3
130;71;1;3;2;2;1;1;1;1;2;150;130;2;130/80;130/80;1; ; ; ; ;;;;; ; ; ; ;130;80;96,66666667;130;80;96,66666667;2;1;2;1;0;0;2; ;178;76;23,98687034;130;;;68;;11,4
131;61;2;3;2;2;1;1;1;2;1;140;140;2;120/80;120/80;1; ; ; ; ;;;;; ; ; ; ;120;80;93,33333333;120;80;93,33333333;2;1;2;1;0;0;2; ;170;78;26,98961938;140;;;76;;11,7
132;65;2;3;2;2;1;1;1;2;1;150;120;2;130/80;130/80;1; ; ; ; ;;;;; ; ; ; ;130;80;96,66666667;130;80;96,66666667;2;1;2;1;0;0;2; ;169;74;25,90945695;120;;;84;;11,1
133;67;1;3;2;1;2;2;3;2;2;150;132;2;150/80;130/80;1; ; ; ; ;;;;; ; ; ; ;150;80;103,3333333;130;80;96,66666667;2;1;2;1;0;0;2; ;184;92;27,17391304;132;;;76;;13,8
134;55;2;3;2;2;1;1;1;2;1;138;138;2;120/80;110/80;1; ; ; ; ;;;;; ; ; ; ;120;80;93,33333333;110;80;90;2;1;2;1;0;0;2; ;170;68;23,52941176;138;;;82;;10,2
135;53;2;3;1;2;1;1;1;2;1;152;150;2;110/80;120/80;2; ; ; ; ;;;;; ; ; ; ;110;80;90;120;80;93,33333333;3;1;1;2;2;2;2; ;164;76;28,25698989;150;;150;150;150;11,4
136;69;1;3;2;2;1;1;1;1;2;154;120;2;120/80;120/80;1; ; ; ; ;;;;; ; ; ; ;120;80;93,33333333;120;80;93,33333333;2;1;2;1;0;0;2; ;180;94;29,01234568;120;;;82;;14,1
137;57;2;3;2;2;1;1;2;2;1;144;140;2;140/80;130/70;1; ; ; ; ;;;;; ; ; ; ;140;80;100;130;70;90;2;1;2;1;0;0;2; ;182;96;28,982007;140;;;86;;14,4
138;83;2;3;2;2;1;1;2;1;2;150;130;2;150/90;130/70;1; ; ; ; ;;;;; ; ; ; ;150;90;110;130;70;90;3;1;2;2;0;1;2; ;170;75;25,95155709;130;;;130;74;11,25
139;59;1;3;2;1;2;2;3;2;2;140;120;2;110/80;110/70;1; ; ; ; ;;;;; ; ; ; ;110;80;90;110;70;83,33333333;2;1;2;1;0;0;2; ;182;84;25,35925613;120;;;88;;12,6
140;64;2;3;2;1;2;2;3;2;2;150;140;2;140/80;130/80;1; ; ; ; ;;;;; ; ; ; ;140;80;100;130;80;96,66666667;2;1;2;1;0;0;2; ;167;74;26,53375883;140;;;74;;11,1
141;86;2;3;2;2;1;1;2;1;2;140;140;2;120/80;130/80;1; ; ; ; ;;;;; ; ; ; ;120;80;93,33333333;130;80;96,66666667;2;1;2;1;0;0;2; ;165;63;23,14049587;140;;;86;;9,45
142;73;2;3;2;2;1;1;1;2;1;138;130;2;120/80;130/90;1; ; ; ; ;;;;; ; ; ; ;120;80;93,33333333;130;90;103,3333333;3;1;1;2;1;2;2; ;170;72;24,91349481;130;;94;130;130;10,8
143;74;2;3;2;2;1;1;1;1;2;136;130;2;120/80;130/80;1; ; ; ; ;;;;; ; ; ; ;120;80;93,33333333;130;80;96,66666667;2;1;2;1;0;0;2; ;164;75;27,88518739;130;;;72;;11,25
144;75;2;3;2;2;1;1;1;1;2;150;130;2;140/80;140/80;1; ; ; ; ;;;;; ; ; ; ;140;80;100;140;80;100;3;1;2;2;0;1;2; ;168;82;29,05328798;130;;;130;78;12,3
145;69;2;3;2;2;1;1;1;1;2;134;134;2;130/80;120/70;1; ; ; ; ;;;;; ; ; ; ;130;80;96,66666667;120;70;86,66666667;2;1;2;1;0;0;2; ;164;85;31,60321237;134;;;82;;12,75
146;74;2;3;1;2;1;1;1;1;2;140;140;2;130/80;130/80;1; ; ; ; ;;;;; ; ; ; ;130;80;96,66666667;130;80;96,66666667;3;1;1;2;1;2;2; ;166;76;27,58020032;140;;72;140;136;11,4
147;60;2;3;2;2;1;1;1;1;2;158;148;2;140/80;130/80;1; ; ; ; ;;;;; ; ; ; ;140;80;100;130;80;96,66666667;2;1;2;1;0;0;2; ;172;70;23,66143862;148;;;68;;10,5
148;72;2;3;2;2;1;1;1;1;2;138;138;2;140/80;130/80;1; ; ; ; ;;;;; ; ; ; ;140;80;100;130;80;96,66666667;2;1;2;1;0;0;2; ;166;76;27,58020032;138;;;88;;11,4
149;34;2;3;2;1;2;2;3;2;2;158;150;2;120/80;130/80;2; ; ; ; ;;;;; ; ; ; ;120;80;93,33333333;130;80;96,66666667;2;1;2;1;0;0;2; ;170;65;22,49134948;150;;;92;;9,75
150;50;1;3;2;2;1;1;1;2;1;158;150;2;130/80;120/80;1; ; ; ; ;;;;; ; ; ; ;130;80;96,66666667;120;80;93,33333333;2;1;2;1;0;0;2; ;176;84;27,1177686;150;;;88;;12,6
151;65;2;3;2;2;1;1;1;1;2;144;144;2;150/90;140/80;1; ; ; ; ;;;;; ; ; ; ;150;90;110;140;80;100;2;1;2;1;0;0;2; ;169;76;26,60971255;144;;;96;;11,4
152;66;1;3;2;2;1;1;1;1;2;150;144;2;140/90;110/70;1; ; ; ; ;;;;; ; ; ; ;140;90;106,6666667;110;70;83,33333333;2;1;2;1;0;0;2; ;166;70;25,40281608;144;;;90;;10,5
153;53;1;3;2;1;2;2;3;2;2;180;84;1;140/80;120/80;2; ; ; ; ;;;;; ; ; ; ;140;80;100;120;80;93,33333333;1;2;2;0;0;0;2; ;175;85;27,75510204;84;;;;;12,75
154;62;2;3;2;2;1;1;1;1;2;150;78;1;140/100;110/70;1; ; ; ; ;;;;; ; ; ; ;140;100;113,3333333;110;70;83,33333333;1;2;2;0;0;0;2; ;164;73;27,14158239;78;;;;;10,95
155;76;1;3;2;2;1;1;1;1;2;180;90;1;150/100;140/80;1; ; ; ; ;;;;; ; ; ; ;150;100;116,6666667;140;80;100;1;2;2;0;0;0;2; ;174;82;27,08415907;90;;;;;12,3
156;78;2;3;2;2;1;1;2;1;2;150;88;1;140/90;70/40;2; ; ; ; ;;;;; ; ; ; ;140;90;106,6666667;70;40;50;1;2;2;0;0;0;1; ;167;65;23,30668005;88;;;;;9,75
157;81;2;3;2;2;1;1;1;1;2;140;94;1;120/80;120/80;1; ; ; ; ;;;;; ; ; ; ;120;80;93,33333333;120;80;93,33333333;1;2;2;0;0;0;2; ;164;62;23,05175491;94;;;;;9,3
158;57;2;3;2;2;1;1;1;1;2;180;106;2;140/90;130/80;1; ; ; ; ;;;;; ; ; ; ;140;90;106,6666667;130;80;96,66666667;4;2;2;0;0;0;2; ;174;70;23,1206236;106;;;;;10,5
159;59;1;3;2;1;2;2;3;2;2;160;110;2;120/80;100/80;1; ; ; ; ;;;;; ; ; ; ;120;80;93,33333333;100;80;86,66666667;4;2;2;0;0;0;2; ;178;86;27,1430375;110;;;;;12,9
160;75;2;3;2;1;2;2;3;2;2;150;88;1;140/90;110/80;1; ; ; ; ;;;;; ; ; ; ;140;90;106,6666667;110;80;90;1;2;2;0;0;0;2; ;170;74;25,60553633;88;;;;;11,1
161;62;2;3;2;2;1;1;1;1;2;140;102;2;120/80;110/80;1; ; ; ; ;;;;; ; ; ; ;120;80;93,33333333;110;80;90;4;2;2;0;0;0;2; ;167;68;24,38237298;102;;;;;10,2
162;69;2;3;2;2;1;1;1;1;2;150;88;1;140/90;120/80;1; ; ; ; ;;;;; ; ; ; ;140;90;106,6666667;120;80;93,33333333;1;2;2;0;0;0;2; ;169;62;21,70792339;88;;;;;9,3
163;53;2;3;2;2;1;1;1;1;2;170;92;1;120/80;120/80;1; ; ; ; ;;;;; ; ; ; ;120;80;93,33333333;120;80;93,33333333;1;2;2;0;0;0;2; ;165;76;27,91551882;92;;;;;11,4
164;55;2;3;2;2;1;1;2;1;2;140;98;1;130/80;130/80;1; ; ; ; ;;;;; ; ; ; ;130;80;96,66666667;130;80;96,66666667;1;2;2;0;0;0;2; ;170;78;26,98961938;98;;;;;11,7
165;61;1;3;1;1;2;2;3;2;2;140;78;1;170/100;130/80;1; ; ; ; ;;;;; ; ; ; ;170;100;123,3333333;130;80;96,66666667;1;2;2;0;0;0;2; ;177;85;27,13141179;78;;;;;12,75
166;57;1;3;2;2;1;1;1;1;2;160;92;1;140/90;100/80;1; ; ; ; ;;;;; ; ; ; ;140;90;106,6666667;100;80;86,66666667;1;2;2;0;0;0;2; ;175;78;25,46938776;92;;;;;11,7
167;68;1;3;2;2;1;1;2;1;2;150;78;1;160/90;110/80;1; ; ; ; ;;;;; ; ; ; ;160;90;113,3333333;110;80;90;1;2;2;0;0;0;2; ;174;82;27,08415907;78;;;;;12,3
168;68;2;3;2;2;1;1;2;1;2;140;90;1;130/90;130/80;1; ; ; ; ;;;;; ; ; ; ;130;90;103,3333333;130;80;96,66666667;1;2;2;0;0;0;2; ;165;70;25,71166208;90;;;;;10,5
169;48;1;3;2;1;2;2;3;2;2;160;88;1;140/100;120/80;1; ; ; ; ;;;;; ; ; ; ;140;100;113,3333333;120;80;93,33333333;1;2;2;0;0;0;2; ;175;76;24,81632653;88;;;;;11,4
170;72;2;3;2;1;2;1;1;1;2;160;82;1;100/90;140/90;1; ; ; ; ;;;;; ; ; ; ;100;90;93,33333333;140;90;106,6666667;1;2;2;0;0;0;2; ;172;68;22,98539751;82;;;;;10,2
171;74;2;3;2;2;1;1;1;1;2;160;86;1;140/100;120/80;1; ; ; ; ;;;;; ; ; ; ;140;100;113,3333333;120;80;93,33333333;1;2;2;0;0;0;2; ;170;70;24,22145329;86;;;;;10,5
172;74;1;3;2;1;2;2;3;2;2;140;65;1;120/80;120/80;1; ; ; ; ;;;;; ; ; ; ;120;80;93,33333333;120;80;93,33333333;1;2;2;0;0;0;2; ;168;75;26,57312925;65;;;;;11,25
173;42;1;3;2;1;2;2;3;2;2;160;80;1;110/80;130/80;1; ; ; ; ;;;;; ; ; ; ;110;80;90;130;80;96,66666667;1;2;2;0;0;0;2; ;174;80;26,42356982;80;;;;;12
174;61;2;3;2;2;1;1;2;1;2;150;80;1;150/80;130/80;1; ; ; ; ;;;;; ; ; ; ;150;80;103,3333333;130;80;96,66666667;1;2;2;0;0;0;2; ;166;68;24,67702134;80;;;;;10,2
175;70;2;3;2;2;1;1;1;1;2;150;80;1;110/70;120/80;2; ; ; ; ;;;;; ; ; ; ;110;70;83,33333333;120;80;93,33333333;1;2;2;0;0;0;2; ;172;74;25,01352082;80;;;;;11,1
176;65;2;3;2;2;1;1;1;1;2;140;80;1;120/80;110/60;1; ; ; ; ;;;;; ; ; ; ;120;80;93,33333333;110;60;76,66666667;1;2;2;0;0;0;2; ;164;68;25,2825699;80;;;;;10,2
177;62;2;3;2;2;1;1;1;1;2;160;90;1;140/100;120/70;1; ; ; ; ;;;;; ; ; ; ;140;100;113,3333333;120;70;86,66666667;1;2;2;0;0;0;2; ;165;65;23,87511478;90;;;;;9,75
178;79;2;3;2;2;1;2;3;2;1;150;82;1;130/80;110/60;1; ; ; ; ;;;;; ; ; ; ;130;80;96,66666667;110;60;76,66666667;1;2;2;0;0;0;2; ;164;69;25,6543724;82;;;;;10,35
179;43;1;3;2;2;1;1;1;1;2;170;84;1;120/80;120/80;1; ; ; ; ;;;;; ; ; ; ;120;80;93,33333333;120;80;93,33333333;1;2;2;0;0;0;2; ;176;76;24,53512397;84;;;;;11,4
180;63;1;3;1;2;1;1;2;1;2;140;96;1;130/80;110/80;1; ; ; ; ;;;;; ; ; ; ;130;80;96,66666667;110;80;90;1;2;2;0;0;0;2; ;178;80;25,2493372;96;;;;;12
181;75;2;3;2;2;1;1;1;1;2;138;82;1;110/80;120/80;1; ; ; ; ;;;;; ; ; ; ;110;80;90;120;80;93,33333333;1;2;2;0;0;0;2; ;166;64;23,22543185;82;;;;;9,6
182;75;2;3;2;2;1;1;1;1;2;152;82;1;150/80;130/70;1; ; ; ; ;;;;; ; ; ; ;150;80;103,3333333;130;70;90;1;2;2;0;0;0;2; ;170;74;25,60553633;82;;;;;11,1
183;42;2;3;2;1;2;2;3;2;2;150;90;1;130/80;110/60;1; ; ; ; ;;;;; ; ; ; ;130;80;96,66666667;110;60;76,66666667;1;2;2;0;0;0;2; ;165;65;23,87511478;90;;;;;9,75
184;81;1;3;2;2;1;1;1;1;2;140;80;1;140/80;110/80;1; ; ; ; ;;;;; ; ; ; ;140;80;100;110;80;90;1;2;2;0;0;0;2; ;182;84;25,35925613;80;;;;;12,6
185;70;2;3;2;2;1;1;1;1;2;140;90;1;120/80;130/80;1; ; ; ; ;;;;; ; ; ; ;120;80;93,33333333;130;80;96,66666667;1;2;2;0;0;0;2; ;176;75;24,21229339;90;;;;;11,25
186;75;2;3;2;2;1;1;1;1;2;170;80;1;150/90;120/80;1; ; ; ; ;;;;; ; ; ; ;150;90;110;120;80;93,33333333;1;2;2;0;0;0;2; ;164;67;24,9107674;80;;;;;10,05
187;65;2;3;2;2;1;1;2;1;2;140;82;1;120/80;130/80;1; ; ; ; ;;;;; ; ; ; ;120;80;93,33333333;130;80;96,66666667;1;2;2;0;0;0;2; ;159;62;24,52434635;82;;;;;9,3
188;52;2;3;2;1;2;2;3;2;2;148;90;1;140/80;120/80;1; ; ; ; ;;;;; ; ; ; ;140;80;100;120;80;93,33333333;1;2;2;0;0;0;2; ;164;64;23,7953599;90;;;;;9,6
189;78;2;3;2;2;1;1;1;1;2;160;90;1;130/80;120/80;1; ; ; ; ;;;;; ; ; ; ;130;80;96,66666667;120;80;93,33333333;1;2;2;0;0;0;2; ;165;65;23,87511478;90;;;;;9,75
190;72;1;3;2;2;1;1;2;1;2;148;92;1;120/80;140/80;1; ; ; ; ;;;;; ; ; ; ;120;80;93,33333333;140;80;100;1;2;2;0;0;0;2; ;175;82;26,7755102;92;;;;;12,3
191;62;1;3;2;2;1;1;1;1;2;138;90;1;140/80;110/80;1; ; ; ; ;;;;; ; ; ; ;140;80;100;110;80;90;1;2;2;0;0;0;2; ;174;80;26,42356982;90;;;;;12
192;33;1;3;2;1;2;2;3;2;2;150;150;2;120/80;120/80;2; ; ; ; ;;;;; ; ; ; ;120;80;93,33333333;120;80;93,33333333;2;1;2;1;0;0;2; ;178;75;23,67125363;150;;;86;;11,25
193;75;2;3;2;2;1;1;1;1;2;160;90;1;110/80;120/80;1; ; ; ; ;;;;; ; ; ; ;110;80;90;120;80;93,33333333;1;2;2;0;0;0;2; ;164;68;25,2825699;90;;;;;10,2
194;50;2;3;2;1;2;2;3;2;2;138;78;1;130/80;130/80;1; ; ; ; ;;;;; ; ; ; ;130;80;96,66666667;130;80;96,66666667;1;2;2;0;0;0;2; ;168;72;25,51020408;78;;;;;10,8
195;61;2;3;2;1;2;2;3;2;2;136;92;1;120/80;110/70;1; ; ; ; ;;;;; ; ; ; ;120;80;93,33333333;110;70;83,33333333;1;2;2;0;0;0;2; ;165;74;27,18089991;92;;;;;11,1
196;60;1;3;2;1;2;1;1;2;2;140;76;1;140/80;120/80;1; ; ; ; ;;;;; ; ; ; ;140;80;100;120;80;93,33333333;1;2;2;0;0;0;2; ;176;82;26,47210744;76;;;;;12,3
197;57;2;3;2;2;1;1;1;2;1;140;98;1;120/80;120/80;1; ; ; ; ;;;;; ; ; ; ;120;80;93,33333333;120;80;93,33333333;1;2;2;0;0;0;2; ;159;67;26,50211621;98;;;;;10,05
198;75;1;3;2;2;1;1;1;1;2;154;80;1;120/80;120/80;1; ; ; ; ;;;;; ; ; ; ;120;80;93,33333333;120;80;93,33333333;1;2;2;0;0;0;2; ;180;85;26,2345679;80;;;;;12,75
199;58;2;3;2;1;2;2;3;2;2;160;92;1;140/80;140/90;1; ; ; ; ;;;;; ; ; ; ;140;80;100;140;90;106,6666667;1;2;2;0;0;0;2; ;174;75;24,77209671;92;;;;;11,25
200;72;2;3;2;2;1;1;1;1;2;150;90;1;120/80;120/80;1; ; ; ; ;;;;; ; ; ; ;120;80;93,33333333;120;80;93,33333333;1;2;2;0;0;0;2; ;170;68;23,52941176;90;;;;;10,2
201;78;1;3;2;2;1;1;1;2;1;140;84;1;140/90;120/80;1; ; ; ; ;;;;; ; ; ; ;140;90;106,6666667;120;80;93,33333333;1;2;2;0;0;0;2; ;178;84;26,51180407;84;;;;;12,6
202;56;2;3;2;1;2;2;3;2;2;148;86;1;110/80;110/70;1; ; ; ; ;;;;; ; ; ; ;110;80;90;110;70;83,33333333;1;2;2;0;0;0;2; ;167;70;25,0995016;86;;;;;10,5
203;92;2;3;1;2;1;1;2;1;2;132;92;1;150/80;120/80;1; ; ; ; ;;;;; ; ; ; ;150;80;103,3333333;120;80;93,33333333;1;2;2;0;0;0;2; ;165;60;22,03856749;92;;;;;9
204;78;2;3;2;2;1;1;1;1;2;142;90;1;130/80;110/70;1; ; ; ; ;;;;; ; ; ; ;130;80;96,66666667;110;70;83,33333333;1;2;2;0;0;0;2; ;170;72;24,91349481;90;;;;;10,8
205;66;2;3;2;2;1;1;2;1;2;150;78;1;120/80;120/80;1; ; ; ; ;;;;; ; ; ; ;120;80;93,33333333;120;80;93,33333333;1;2;2;0;0;0;2; ;168;70;24,8015873;78;;;;;10,5
206;72;1;3;2;2;1;1;1;1;2;150;84;1;150/90;110/70;1; ; ; ; ;;;;; ; ; ; ;150;90;110;110;70;83,33333333;1;2;2;0;0;0;2; ;178;85;26,82742078;84;;;;;12,75
207;92;1;3;1;2;1;1;1;1;2;130;94;1;130/80;120/80;1; ; ; ; ;;;;; ; ; ; ;130;80;96,66666667;120;80;93,33333333;1;2;2;0;0;0;2; ;175;82;26,7755102;94;;;;;12,3
208;70;2;3;2;2;1;1;1;1;2;140;86;1;130/80;130/80;1; ; ; ; ;;;;; ; ; ; ;130;80;96,66666667;130;80;96,66666667;1;2;2;0;0;0;2; ;172;74;25,01352082;86;;;;;11,1
209;70;2;3;2;2;1;1;1;1;2;136;82;1;130/80;130/80;1; ; ; ; ;;;;; ; ; ; ;130;80;96,66666667;130;80;96,66666667;1;2;2;0;0;0;2; ;166;68;24,67702134;82;;;;;10,2
210;58;2;3;2;2;1;1;1;2;1;160;94;1;130/80;110/70;1; ; ; ; ;;;;; ; ; ; ;130;80;96,66666667;110;70;83,33333333;1;2;2;0;0;0;2; ;173;84;28,06642387;94;;;;;12,6
211;79;2;3;2;2;1;1;1;1;2;134;86;1;100/60;120/80;1; ; ; ; ;;;;; ; ; ; ;100;60;73,33333333;120;80;93,33333333;1;2;2;0;0;0;2; ;165;72;26,44628099;86;;;;;10,8
212;53;1;3;2;2;1;1;1;1;2;144;92;1;120/80;120/80;1; ; ; ; ;;;;; ; ; ; ;120;80;93,33333333;120;80;93,33333333;1;2;2;0;0;0;2; ;180;88;27,16049383;92;;;;;13,2
213;71;1;3;2;2;1;1;1;1;2;140;86;1;160/100;140/90;1; ; ; ; ;;;;; ; ; ; ;160;100;120;140;90;106,6666667;1;2;2;0;0;0;2; ;174;82;27,08415907;86;;;;;12,3
214;93;1;3;1;2;1;1;1;1;2;144;90;1;140/80;130/80;1; ; ; ; ;;;;; ; ; ; ;140;80;100;130;80;96,66666667;1;2;2;0;0;0;2; ;176;70;22,5981405;90;;;;;10,5
